Name,RMSE,Gradient RMSE,Training Time,Run Time,Calls
dummy,0.0,0.0,9.775161743164062e-06,0.02914595603942871,391856
linear,2.3119891730487465e-07,1.5829107785215989e-07,0.19588279724121094,0.05626511573791504,877650
neural,0.022414081668167638,0.0027808005073601217,0.5342390537261963,0.04494810104370117,16644213
svm,0.002808748864584655,0.00031198469253603445,1.2135398387908936,0.12865805625915527,140762758
