Name,RMSE,Gradient RMSE,Training Time,Run Time,Calls
dummy,0.0,0.0,4.0531158447265625e-06,0.45568108558654785,521495538
linear,0.43934356688634785,0.075304215068747765,0.22769689559936523,0.06876611709594727,1327690
neural,0.28542938141270235,0.066457825692287587,15.238375902175903,0.05057692527770996,43076416
svm,0.20341076585417647,0.067346555558880319,1.7998340129852295,0.23401689529418945,466346674
