Name,RMSE,Gradient RMSE,Training Time,Run Time,Calls
dummy,0.0,0.0,9.5367431640625e-07,0.09558916091918945,101227
linear,0.35401706555850465,0.05691011103479756,0.12433004379272461,0.057801008224487305,101171
neural,0.27531172739078275,0.048881136400147296,1.4771718978881836,0.06644701957702637,142706
svm,0.24181290290029028,0.052436728224032975,2.17006778717041,0.9662380218505859,1475774
