Name,RMSE,Gradient RMSE,Training Time,Run Time,Calls
orig,0.0,0.0,1.1920928955078125e-06,0.11010408401489258,101227
linear,1.0351548167859148,0.23490660142592934,0.6262109279632568,0.17386412620544434,101170
neural,1.226949795008023,0.27054680429109063,10.527606010437012,0.1591811180114746,142706
svm,0.96663258065403812,0.2322170019068929,5.713910818099976,5.383454084396362,1475774
