Name,RMSE,Gradient RMSE,Training Time,Run Time,Calls
orig,0.0,0.0,9.5367431640625e-07,0.10428214073181152,101226
linear,0.64114533563686316,0.12346540450888514,0.15881919860839844,0.08975505828857422,101170
neural,0.75382762908727208,0.14113707675581694,11.365576028823853,0.09751415252685547,142706
svm,0.62262896252248789,0.12321347717137986,2.560175895690918,1.5565738677978516,1475774
