Name,RMSE,Gradient RMSE,Training Time,Run Time,Calls
orig,0.0,0.0,3.0994415283203125e-06,0.04741096496582031,12605030
linear,0.16714667729878258,0.11345656368749796,0.37402987480163574,2.173614025115967,12622581
neural,0.2839167974078835,0.19459509035891009,11.536761999130249,0.20769095420837402,1164822094
svm,0.17526435232469259,0.11149429365549123,3.4516890048980713,1.0280721187591553,3947459208
