Name,RMSE,Gradient RMSE,Training Time,Run Time,Calls
orig,2.1968641915806351,0.37617976114219748,9.5367431640625e-07,0.03483295440673828,123115
linear,1.656426600700454,0.42345347648003767,0.751579999923706,0.30007410049438477,101171
neural,2.4312625848406348,0.67015780925267709,33.1053740978241,0.24210405349731445,142705
svm,1.5418138792276999,0.3768986603216965,7.733712911605835,8.109609127044678,1475774
