Name,RMSE,Gradient RMSE,Training Time,Run Time,Calls
dummy,0.48807120513579494,0.10912696999456339,9.5367431640625e-07,0.029244184494018555,123117
linear,0.43769023461405754,0.11018947653577588,0.11848998069763184,0.04913687705993652,101170
neural,0.21341484400816549,0.075112440530994279,3.8111062049865723,0.08728718757629395,142707
svm,0.4816698169774441,0.10894692608338939,1.76717209815979,0.8316881656646729,1475775
