Name,RMSE,Gradient RMSE,Training Time,Run Time,Calls
dummy,0.0,0.0,2.86102294921875e-06,0.04076695442199707,1097066
linear,0.44636904932782367,0.11242783453507067,0.19823384284973145,0.0674128532409668,1606710
neural,0.28592143882430754,0.11256903752401885,19.182286977767944,0.05132293701171875,50861476
svm,0.21524808756609984,0.091796547167802875,5.327862977981567,0.2300419807434082,508541993
