Name,RMSE,Gradient RMSE,Training Time,Run Time,Calls
dummy,0.78836086536898276,0.16434276168743553,1.1920928955078125e-06,0.030766010284423828,123115
linear,0.6606430894446943,0.16421802633070226,0.142197847366333,0.0874338150024414,101171
neural,0.65675124157682019,0.18749967452981756,21.335276126861572,0.10919404029846191,142706
svm,0.75598230759058316,0.16414800959456816,2.3803019523620605,1.751297950744629,1475773
